native_id,met_monitor_id,state,cbsa,latitude,longitude,pct_available
A690,23,AL,22520,34.7441,-87.5997,1
CECC1,49,CA,99999,41.78028,-124.23667,0.9984
K0J4,10,AL,99999,31.0425,-86.31167,0.9986
K12N,467,NJ,35084,41.00889,-74.73667,0.9945
K1V4,723,VT,99999,44.42,-72.0194,0.9986
K2WX,617,SD,99999,45.60444,-103.54639,1
K40J,159,FL,99999,30.07194,-83.57361,0.9756
K6R6,697,TX,99999,30.04806,-102.21306,1
K79J,11,AL,99999,31.30889,-86.39389,1
K8D3,618,SD,99999,45.66889,-96.99139,0.9876
K9V9,622,SD,99999,43.76667,-99.31833,1
KAAF,160,FL,99999,29.72583,-85.02056,0.9888
KAAT,48,CA,99999,41.49139,-120.56444,1
KABE,595,PA,10900,40.6508,-75.4492,1
KABI,660,TX,10180,32.4105,-99.6822,1
KABQ,470,NM,10740,35.0419,-106.6155,1
KABR,615,SD,99999,45.4433,-98.413,0.9972
KABY,184,GA,10500,31.53556,-84.19444,1
KACK,295,MA,99999,41.25306,-70.06083,0.9986
KACT,648,TX,47380,31.61889,-97.22833,1
KACV,47,CA,99999,40.97806,-124.10861,1
KACY,460,NJ,12100,39.4494,-74.5672,0.9972
KADG,334,MI,99999,41.86778,-84.07944,0.9958
KAEX,278,LA,10780,31.33472,-92.55861,0.9986
KAFN,452,NH,99999,42.805,-72.00361,0.9931
KAFW,669,TX,23104,32.97333,-97.31806,1
KAGC,593,PA,38300,40.35472,-79.92167,1
KAGS,181,GA,12260,33.36444,-81.96333,1
KAHN,190,GA,12020,33.948,-83.3275,1
KAIA,449,NE,99999,42.05722,-102.8,0.9516
KAKH,406,NC,16740,35.19667,-81.15583,0.9972
KAKQ,711,VA,40060,36.98389,-77.00722,0.9931
KAKR,521,OH,10420,41.0375,-81.46417,0.9917
KALB,500,NY,10580,42.7431,-73.8092,1
KALI,678,TX,99999,27.74111,-98.02472,0.9889
KALO,198,IA,47940,42.5544,-92.4011,1
KALS,121,CO,99999,37.4389,-105.8613,0.9944
KALW,740,WA,99999,46.09472,-118.28694,1
KAMA,655,TX,11100,35.13,-101.43,0.9986
KAMG,179,GA,99999,31.5358,-82.5067,1
KAMM,254,KS,31740,39.29417,-96.92639,0
KAMW,194,IA,11180,41.99222,-93.62167,0.9972
KANB,16,AL,11500,33.5872,-85.8556,1
KAND,607,SC,11340,34.4977,-82.7097,1
KANJ,330,MI,99999,46.4794,-84.3572,0.9945
KAOH,517,OH,30620,40.70833,-84.02667,1
KAOO,590,PA,11020,40.29639,-78.32028,0.9751
KAPA,114,CO,19740,39.57028,-104.84889,1
KAPC,50,CA,34900,38.21028,-122.28472,1
KAPF,137,FL,34940,26.1522,-81.7752,0.9931
KAPN,328,MI,99999,45.0716,-83.5644,0.9959
KAQV,280,LA,99999,31.4,-93.28333,1
KAQW,310,MA,38340,42.7,-73.1666,1
KARA,289,LA,99999,30.0375,-91.8839,0.9972
KARB,335,MI,11460,42.22278,-83.74444,1
KARR,223,IL,16974,41.77,-88.48139,0.9903
KART,498,NY,99999,43.9922,-76.0217,0.9972
KASD,293,LA,35380,30.3433,-89.8222,0.9986
KASE,111,CO,99999,39.22306,-106.86833,0.9986
KAST,554,OR,99999,46.1569,-123.8825,0.9986
KASX,758,WI,99999,46.54861,-90.91889,1
KATL,188,GA,12060,33.6301,-84.4418,1
KATT,639,TX,12420,30.3208,-97.7604,0.9931
KATY,613,SD,99999,44.9047,-97.1494,0.9903
KAUG,324,ME,99999,44.32056,-69.79722,1
KAUS,638,TX,12420,30.1831,-97.6799,1
KAUW,755,WI,48140,44.92583,-89.62556,1
KAVL,407,NC,11700,35.43194,-82.5375,1
KAVP,579,PA,42540,41.3336,-75.7269,1
KAVX,74,CA,31084,33.405,-118.41583,0.9944
KAZO,338,MI,28020,42.23472,-85.55194,0.9972
KBAF,302,MA,44140,42.15778,-72.71611,1
KBAZ,694,TX,41700,29.7089,-98.0458,0.9986
KBBW,444,NE,99999,41.43333,-99.63333,0.9834
KBCE,705,UT,99999,37.70639,-112.14556,1
KBDE,351,MN,99999,48.71667,-94.6,1
KBDL,126,CT,25540,41.9381,-72.6825,1
KBDR,127,CT,14860,41.15833,-73.12889,0.9945
KBED,306,MA,15764,42.47,-71.28944,1
KBFD,581,PA,99999,41.80306,-78.64028,0.9972
KBFF,447,NE,99999,41.8705,-103.593,0.9972
KBFI,726,WA,42644,47.53028,-122.30083,1
KBFL,75,CA,12540,35.4344,-119.0542,1
KBFM,18,AL,33660,30.62639,-88.06806,0.9972
KBGD,656,TX,99999,35.695,-101.395,1
KBGM,494,NY,13780,42.2068,-75.98,1
KBGR,316,ME,12620,44.7883,-68.8212,1
KBHK,395,MT,99999,46.3583,-104.25,1
KBHM,21,AL,13820,33.56556,-86.745,1
KBIH,72,CA,99999,37.3711,-118.358,1
KBIL,393,MT,13740,45.8069,-108.5422,1
KBIS,433,ND,13900,46.7825,-100.7572,1
KBIV,342,MI,99999,42.74611,-86.09667,1
KBJN,484,NV,99999,38.0511,-117.0902,0.9772
KBKB,277,LA,99999,31.15,-92.96667,1
KBKE,555,OR,99999,44.8428,-117.8086,1
KBKV,177,FL,45300,28.47361,-82.45444,0.9959
KBKW,775,WV,99999,37.78361,-81.12306,1
KBLF,774,WV,99999,37.2958,-81.2077,1
KBLH,103,CA,40140,33.6186,-114.7142,0.9862
KBLI,727,WA,13380,48.79389,-122.53722,1
KBLU,56,CA,40900,39.2774,-120.7102,1
KBMG,243,IN,14020,39.13333,-86.61667,1
KBML,458,NH,99999,44.57611,-71.17861,1
KBMQ,643,TX,99999,30.7406,-98.2354,0.9871
KBNA,635,TN,34980,36.1188,-86.6891,1
KBNO,571,OR,99999,43.595,-118.9564,1
KBOI,215,ID,14260,43.5666,-116.2405,1
KBOS,305,MA,14484,42.3606,-71.0106,1
KBPI,791,WY,99999,42.58444,-110.1075,0.9945
KBPT,696,TX,13140,29.95056,-94.02056,1
KBRD,349,MN,99999,46.40472,-94.13083,0.9959
KBRO,674,TX,15180,25.9141,-97.423,0.9986
KBTM,394,MT,99999,45.9647,-112.5006,1
KBTR,294,LA,12940,30.5372,-91.1469,1
KBTV,724,VT,15540,44.4683,-73.1499,1
KBUR,76,CA,31084,34.20056,-118.3575,1
KBUY,408,NC,15500,36.04667,-79.47694,0.9889
KBVE,286,LA,35380,29.333,-89.4075,0.9868
KBVO,548,OK,46140,36.7683,-96.0261,1
KBVY,309,MA,37764,42.58417,-70.9175,0.9931
KBWG,272,KY,14540,36.9647,-86.4238,0.9876
KBWI,3,MD,12580,39.1666,-76.6833,1
KBYG,787,WY,99999,44.38139,-106.72111,0.9876
KBYI,208,ID,99999,42.5416,-113.7661,0.9986
KBZN,392,MT,99999,45.788,-111.1608,1
KCAE,603,SC,17900,33.9419,-81.1181,1
KCAG,117,CO,99999,40.49528,-107.52111,0.9945
KCAK,519,OH,10420,40.91667,-81.43333,1
KCAO,476,NM,99999,36.4486,-103.1539,0.9931
KCAR,319,ME,99999,46.8705,-68.0173,0.9986
KCCR,58,CA,36084,37.9917,-122.055,1
KCDC,706,UT,99999,37.7086,-113.0944,1
KCDJ,368,MO,99999,39.82333,-93.57917,1
KCDR,450,NE,99999,42.8375,-103.09528,0.9917
KCDS,654,TX,99999,34.4272,-100.2831,0.9959
KCDW,466,NJ,35084,40.87639,-74.28306,1
KCEU,608,SC,99999,34.67194,-82.88639,0.9931
KCEW,161,FL,18880,30.77972,-86.5225,1
KCEZ,120,CO,99999,37.30306,-108.6275,1
KCGI,371,MO,99999,37.2252,-89.5705,0.9928
KCHA,628,TN,16860,35.03111,-85.20139,1
KCHO,719,VA,16820,38.13861,-78.45306,1
KCHS,600,SC,16700,32.8986,-80.0402,1
KCID,193,IA,16300,41.88444,-91.70861,1
KCKB,769,WV,99999,39.29556,-80.22889,0.9899
KCKV,637,TN,17300,36.62389,-87.41944,1
KCLE,525,OH,17460,41.5175,-81.68361,1
KCLL,642,TX,17780,30.58917,-96.36472,1
KCLM,728,WA,99999,48.12028,-123.49833,0.9917
KCLT,409,NC,16740,35.2236,-80.9552,1
KCMA,77,CA,37100,34.21667,-119.08333,0.9913
KCMH,535,OH,18140,39.99139,-82.88083,1
KCMX,331,MI,99999,47.16861,-88.48889,0.9903
KCNK,257,KS,99999,39.5514,-97.6508,0.9986
KCNM,472,NM,99999,32.3335,-104.258,0.9986
KCNO,78,CA,40140,33.97528,-117.63611,0.9931
KCNU,262,KS,99999,37.67028,-95.48417,0.9959
KCNY,699,UT,99999,38.755,-109.75417,0.9958
KCON,454,NH,99999,43.1952,-71.5011,0.9972
KCOS,108,CO,17820,38.81,-104.6884,1
KCOT,682,TX,99999,28.45667,-99.21833,0.9847
KCOU,367,MO,17860,38.8169,-92.2183,0.9986
KCPR,785,WY,16220,42.8975,-106.46361,1
KCPS,229,IL,41180,38.57139,-90.15722,1
KCQC,469,NM,10740,35.00278,-105.66278,1
KCQT,79,CA,31084,34.0511,-118.2352,0.9972
KCQX,299,MA,12700,41.6875,-69.99333,1
KCRE,602,SC,34820,33.81167,-78.72389,1
KCRG,139,FL,27260,30.3361,-81.5147,0.9986
KCRP,679,TX,18580,27.7742,-97.5122,1
KCRS,658,TX,99999,32.03111,-96.39889,0.9986
KCRW,777,WV,16620,38.3794,-81.59,1
KCSG,185,GA,17980,32.5161,-84.9422,0.9986
KCSM,553,OK,99999,35.21,-99.12,1
KCSV,632,TN,99999,35.9509,-85.0813,1
KCTB,405,MT,99999,48.6033,-112.3752,1
KCTY,162,FL,99999,29.63333,-83.10528,0.9861
KCUB,604,SC,17900,33.97056,-80.99583,0.9986
KCUT,623,SD,99999,43.73306,-103.61139,0.9959
KCVG,271,KY,17140,39.04306,-84.67167,1
KCXO,640,TX,26420,30.35667,-95.41389,0.9958
KCXY,588,PA,49620,40.21722,-76.85139,0.9903
KCYS,779,WY,16940,41.15,-104.81667,1
KCZZ,96,CA,41740,32.6233,-116.4728,1
KD07,614,SD,39660,45.03194,-102.01917,1
KDAB,140,FL,19660,29.1828,-81.0483,1
KDAG,80,CA,40140,34.8536,-116.7858,1
KDAL,667,TX,19124,32.8519,-96.8555,1
KDAN,709,VA,19260,36.5728,-79.3361,0.9972
KDAW,455,NH,40484,43.27806,-70.92222,1
KDAY,533,OH,19380,39.90611,-84.21861,1
KDBQ,197,IA,20220,42.39778,-90.70361,0.9972
KDCU,22,AL,26620,34.6525,-86.94528,1
KDDC,263,KS,99999,37.7686,-99.9678,1
KDDH,720,VT,99999,42.89139,-73.24694,0.9889
KDEC,222,IL,19500,39.83444,-88.86556,0.9957
KDEN,115,CO,19740,39.8328,-104.6575,1
KDET,340,MI,19804,42.40917,-83.01,1
KDEW,729,WA,44060,47.9742,-117.4292,0.9972
KDFI,524,OH,99999,41.3375,-84.42889,0.9917
KDFW,668,TX,19124,32.8978,-97.0189,1
KDGW,782,WY,99999,42.79722,-105.38556,0.9931
KDHN,12,AL,99999,31.32139,-85.44972,0.9972
KDHT,657,TX,99999,36.0167,-102.55,0.9986
KDIK,434,ND,99999,46.7994,-102.7972,0.9945
KDKK,511,NY,99999,42.49333,-79.27222,1
KDLH,352,MN,20260,46.8369,-92.1833,1
KDLN,390,MT,99999,45.2575,-112.5544,0.9916
KDMH,312,MD,12580,39.2814,-76.6089,1
KDMN,478,NM,99999,32.26222,-107.72056,0.9931
KDMO,366,MO,99999,38.70417,-93.18333,1
KDNK,276,LA,99999,31.1136,-92.9656,1
KDNL,182,GA,12260,33.46694,-82.03861,0.9945
KDPA,225,IL,16974,41.91444,-88.24639,0.9959
KDRA,483,NV,99999,36.6206,-116.0278,1
KDRO,118,CO,99999,37.14306,-107.75972,0.9986
KDRT,689,TX,99999,29.3784,-100.927,0.9972
KDSM,205,IA,19780,41.5338,-93.653,1
KDSV,512,NY,40380,42.57083,-77.71333,0.9557
KDTN,284,LA,43340,32.54278,-93.745,1
KDTO,671,TX,19124,33.20611,-97.19889,1
KDTS,163,FL,18880,30.4,-86.47167,0.9917
KDTW,336,MI,19804,42.23139,-83.33083,1
KDUJ,577,PA,99999,41.17833,-78.89889,0.9986
KDVN,207,IA,19340,41.61389,-90.59139,0.9931
KDVT,36,AZ,38060,33.68833,-112.08167,1
KDWH,698,TX,26420,30.0675,-95.55611,1
KDXR,128,CT,14860,41.37139,-73.48278,1
KDYL,592,PA,37964,40.33,-75.1225,0.9945
KEAT,730,WA,48300,47.3977,-120.2013,0.9986
KEAU,754,WI,20740,44.86639,-91.48778,1
KECG,411,NC,99999,36.26056,-76.175,0.9972
KECP,164,FL,37460,30.349,-85.788,0.9972
KEED,81,CA,40140,34.7675,-114.6188,1
KEEO,116,CO,99999,40.04889,-107.88528,0.9972
KEKN,778,WV,99999,38.88528,-79.85278,0.9972
KEKO,489,NV,99999,40.8288,-115.7886,1
KELM,493,NY,21300,42.15944,-76.89194,1
KELN,745,WA,99999,47.03389,-120.53028,0.9945
KELP,652,TX,21340,31.81111,-106.37583,1
KELY,487,NV,99999,39.2952,-114.8466,0.9986
KELZ,510,NY,99999,42.10944,-77.99194,0.9931
KEMP,266,KS,99999,38.33056,-96.18972,1
KEPH,750,WA,99999,47.3078,-119.5154,0.9958
KEQY,412,NC,16740,35.01694,-80.62056,0.9945
KERI,582,PA,21500,42.08,-80.1825,1
KESF,279,LA,10780,31.39278,-92.29556,0.9818
KEST,201,IA,99999,43.4075,-94.74611,1
KEUF,14,AL,99999,31.95139,-85.12889,1
KEUG,573,OR,21660,44.1278,-123.2206,1
KEVV,242,IN,21780,38.0441,-87.5205,0.9972
KEVW,790,WY,99999,41.27306,-111.03056,1
KEWB,298,MA,39300,41.67639,-70.95833,1
KEWN,413,NC,99999,35.0677,-77.048,1
KEWR,464,NJ,35084,40.6825,-74.16944,1
KEYE,237,IN,26900,39.825,-86.29583,0.9972
KEYW,141,FL,99999,24.555,-81.75222,0.9972
KFAR,436,ND,22020,46.92528,-96.81111,1
KFAT,71,CA,23420,36.78,-119.7194,1
KFAY,414,NC,22180,34.99139,-78.88028,1
KFCM,358,MN,33460,44.8321,-93.4705,0.9986
KFDR,549,OK,99999,34.21,-98.59,1
KFDY,520,OH,99999,41.01361,-83.66861,0.9959
KFFC,187,GA,12060,33.35528,-84.56694,1
KFFT,268,KY,99999,38.18472,-84.90333,1
KFHR,731,WA,99999,48.52222,-123.02306,0.9931
KFHU,41,AZ,99999,31.58833,-110.34417,0.9945
KFIG,575,PA,99999,41.04667,-78.41167,1
KFIT,307,MA,49340,42.55194,-71.75583,0.9986
KFLD,765,WI,22540,43.76944,-88.49083,0.9972
KFLG,38,AZ,22380,35.1441,-111.6663,0.9986
KFLL,142,FL,22744,26.0719,-80.1536,1
KFLO,605,SC,22500,34.1852,-79.7238,1
KFMN,482,NM,22140,36.74361,-108.22917,1
KFMY,171,FL,15980,26.585,-81.8614,0.9889
KFNB,437,NE,99999,40.08028,-95.59194,0.9972
KFNT,345,MI,22420,42.96667,-83.74944,0.9986
KFOE,249,KS,45820,38.95028,-95.66389,1
KFOK,508,NY,35004,40.84361,-72.63222,0.9958
KFPR,143,FL,38940,27.49806,-80.37667,0.9986
KFRI,251,KS,31740,39.05,-96.76667,1
KFSD,621,SD,43620,43.5778,-96.7539,1
KFSM,25,AR,22900,35.333,-94.3625,1
KFST,645,TX,99999,30.91194,-102.91667,0.9931
KFTW,666,TX,23104,32.81917,-97.36139,0.9289
KFTY,189,GA,12060,33.77917,-84.52139,1
KFUL,106,CA,42044,33.87194,-117.97889,1
KFVE,320,ME,99999,47.28556,-68.31333,0.9972
KFWA,239,IN,23060,40.9705,-85.2063,1
KFWN,468,NJ,35084,41.20028,-74.62306,1
KFXE,144,FL,22744,26.19694,-80.17083,0.9959
KFZY,497,NY,45060,43.34972,-76.38472,0.9972
KGAG,545,OK,99999,36.2967,-99.7689,0.9945
KGCC,783,WY,99999,44.33944,-105.54194,1
KGCK,264,KS,99999,37.92722,-100.72472,0.9972
KGCN,39,AZ,22380,35.94611,-112.15472,0.99
KGDP,650,TX,99999,31.83111,-104.80889,1
KGED,135,DE,99999,38.68917,-75.35917,0.9848
KGEG,732,WA,44060,47.6216,-117.528,1
KGEY,788,WY,99999,44.51694,-108.08222,0.9945
KGEZ,235,IN,26900,39.57806,-85.80333,0.9945
KGFK,429,ND,24220,47.9428,-97.1839,1
KGGG,644,TX,99999,30.74389,-95.58611,1
KGGW,402,MT,99999,48.2138,-106.6214,1
KGIF,176,FL,29460,28.06222,-81.75417,0.9784
KGJT,109,CO,24300,39.13417,-108.54,1
KGKJ,580,PA,99999,41.62639,-80.215,0.9958
KGKY,662,TX,23104,32.66361,-97.09389,0.9917
KGLD,256,KS,99999,39.36722,-101.69333,1
KGLH,388,MS,99999,33.4825,-90.98528,0.9945
KGLR,327,MI,99999,45.01333,-84.70139,1
KGLS,686,TX,26420,29.2733,-94.8592,0.9945
KGMU,609,SC,24860,34.84611,-82.34611,1
KGNA,353,MN,99999,47.74722,-90.34444,0.9931
KGNR,317,ME,99999,45.46222,-69.59528,1
KGNT,480,NM,99999,35.1663,-107.8991,1
KGOK,541,OK,36420,35.8517,-97.4142,0.9972
KGON,129,CT,35980,41.3275,-72.04944,1
KGPI,403,MT,99999,48.3042,-114.2636,1
KGPT,380,MS,25060,30.4119,-89.0808,1
KGRB,752,WI,24580,44.4794,-88.1366,0.9972
KGRD,606,SC,99999,34.24861,-82.15917,0.9986
KGRI,441,NE,99999,40.9611,-98.3136,0.9986
KGRR,344,MI,24340,42.8825,-85.52389,1
KGSB,415,NC,24140,35.3444,-77.9647,1
KGSH,240,IN,21140,41.52722,-85.79222,0.9917
KGSO,2,NC,24660,36.0969,-79.9432,1
KGSP,610,SC,43900,34.88472,-82.22389,1
KGTF,401,MT,24500,47.4733,-111.3822,1
KGUP,481,NM,99999,35.5144,-108.794,1
KGUY,546,OK,99999,36.68167,-101.50528,0.9986
KGWO,389,MS,99999,33.4963,-90.0866,0.9903
KHAO,530,OH,17140,39.36444,-84.52472,0.9848
KHBR,552,OK,99999,34.9894,-99.0525,1
KHDO,688,TX,41700,29.3601,-99.1742,0.9945
KHEI,432,ND,99999,46.01389,-102.65472,1
KHFD,130,CT,25540,41.73611,-72.65056,0.9972
KHGR,313,MD,25180,39.70778,-77.72972,0.9986
KHIB,354,MN,20260,47.38639,-92.83889,0.9959
KHIE,457,NH,99999,44.3675,-71.545,1
KHIO,556,OR,38900,45.54056,-122.94861,1
KHJO,68,CA,25260,36.31889,-119.62889,0.9945
KHKA,27,AR,99999,35.94028,-89.83083,0.9972
KHKS,387,MS,27140,32.33667,-90.22139,1
KHKY,416,NC,25860,35.7425,-81.3819,1
KHLC,255,KS,99999,39.37556,-99.82972,1
KHLG,773,WV,48540,40.17639,-80.64722,0.9972
KHLN,397,MT,99999,46.6056,-111.9636,1
KHON,612,SD,99999,44.3981,-98.2231,1
KHOU,693,TX,26420,29.63806,-95.28194,1
KHPN,8,NY,35644,41.06694,-73.7075,1
KHQM,744,WA,99999,46.9727,-123.9302,0.9571
KHRI,557,OR,99999,45.82583,-119.26111,1
KHRL,676,TX,15180,26.22806,-97.65417,0.9986
KHRO,28,AR,99999,36.2668,-93.1566,1
KHSE,417,NC,99999,35.2326,-75.6219,0.9945
KHSI,440,NE,99999,40.60444,-98.42722,0.9972
KHSV,17,AL,26620,34.64389,-86.78611,1
KHTL,325,MI,99999,44.3591,-84.6738,1
KHTS,776,WV,26580,38.365,-82.555,1
KHUT,265,KS,99999,38.06528,-97.86056,1
KHVN,131,CT,35300,41.26389,-72.88722,1
KHVR,404,MT,99999,48.5428,-109.7633,1
KHWD,59,CA,36084,37.6542,-122.115,0.982
KHWO,145,FL,22744,25.99889,-80.24111,0.9945
KHWV,507,NY,35004,40.82167,-72.86889,1
KHYA,297,MA,12700,41.66861,-70.28,1
KHYR,757,WI,99999,46.02611,-91.44417,0.9861
KHZY,528,OH,99999,41.77806,-80.69583,0.9986
KIAD,708,VA,47894,38.9408,-77.4636,1
KIAG,513,NY,15380,43.10722,-78.94528,1
KIAH,695,TX,26420,29.98,-95.36,1
KICR,620,SD,99999,43.39056,-99.84222,1
KICT,261,KS,48620,37.6475,-97.43,1
KIDA,213,ID,26820,43.51639,-112.06722,1
KIEN,619,SD,99999,43.02056,-102.51833,0.9972
KIGM,44,AZ,29420,35.2577,-113.933,0.9986
KIJD,132,CT,99999,41.74194,-72.18361,0.9972
KILG,136,DE,48864,39.6728,-75.6008,0.9959
KILM,418,NC,48900,34.2675,-77.8997,1
KILN,531,OH,99999,39.42028,-83.82167,0.9959
KIML,439,NE,99999,40.51,-101.62,1
KIMT,332,MI,99999,45.81833,-88.11444,1
KIND,236,IN,26900,39.7318,-86.2788,1
KINK,649,TX,99999,31.78,-103.20167,0.9778
KINL,355,MN,99999,48.5614,-93.3981,1
KINT,419,NC,49180,36.13361,-80.22222,1
KIOW,206,IA,26980,41.63278,-91.54306,1
KIPL,100,CA,20940,32.83417,-115.57861,1
KIPT,578,PA,48700,41.24333,-76.92167,1
KIRK,369,MO,99999,40.09722,-92.54333,0.9945
KISN,430,ND,99999,48.1738,-103.6366,0.9931
KISP,506,NY,35004,40.79389,-73.10167,1
KISW,751,WI,99999,44.35917,-89.83694,0.9931
KIWI,322,ME,99999,43.96361,-69.71167,1
KIXD,246,KS,28140,38.83167,-94.88972,1
KIZG,323,ME,99999,43.99056,-70.9475,1
KJAN,386,MS,27140,32.3205,-90.0777,1
KJAX,146,FL,27260,30.495,-81.6936,1
KJBR,26,AR,27860,35.83111,-90.64639,0.9798
KJCT,641,TX,99999,30.51083,-99.76639,0.9986
KJDN,400,MT,99999,47.32583,-106.9475,1
KJEF,365,MO,27620,38.59111,-92.15583,1
KJER,209,ID,99999,42.72667,-114.45639,1
KJFK,504,NY,35644,40.63861,-73.76222,1
KJKL,275,KY,99999,37.59139,-83.31444,1
KJLN,374,MO,27900,37.1466,-94.5022,1
KJMS,435,ND,99999,46.9258,-98.6691,0.9986
KJST,591,PA,27780,40.31611,-78.83389,1
KJXN,339,MI,27100,42.2667,-84.4667,1
KLAA,123,CO,99999,38.07,-102.68806,0.9986
KLAF,244,IN,29140,40.41222,-86.93694,0.9945
KLAN,343,MI,29620,42.78028,-84.57889,1
KLAR,780,WY,99999,41.31194,-105.67472,1
KLAS,485,NV,29820,36.0719,-115.1634,1
KLAW,550,OK,30020,34.5584,-98.4172,0.9942
KLAX,6,CA,31084,33.938,-118.406,1
KLBB,672,TX,31180,33.6656,-101.8231,1
KLBF,442,NE,99999,41.1213,-100.6694,1
KLBT,420,NC,99999,34.60806,-79.05917,0.9986
KLBX,685,TX,26420,29.10972,-95.46194,0.9876
KLCH,291,LA,29340,30.12472,-93.22833,0.9957
KLEB,456,NH,99999,43.62639,-72.30472,1
KLEE,147,FL,36740,28.82083,-81.80972,1
KLEX,267,KY,30460,38.0408,-84.6058,0.9931
KLFI,712,VA,47260,37.08278,-76.36028,1
KLFK,647,TX,99999,31.23611,-94.75444,1
KLFT,292,LA,29180,30.205,-91.9875,0.9917
KLGA,1,NY,35644,40.779,-73.881,1
KLGB,82,CA,31084,33.8116,-118.1463,0.9986
KLGU,704,UT,30860,41.78722,-111.85333,0.9958
KLHQ,532,OH,18140,39.75556,-82.65722,1
KLHX,122,CO,99999,38.0494,-103.5122,0.9972
KLIC,110,CO,19740,39.18944,-103.71583,0.9972
KLIT,32,AR,30780,34.7273,-92.2389,1
KLLJ,211,ID,99999,44.52278,-114.215,0.9913
KLLQ,30,AR,99999,33.6361,-91.7556,0.9903
KLMT,566,OR,99999,42.14694,-121.72417,0.9889
KLND,794,WY,99999,42.8175,-108.72778,0.9959
KLNR,764,WI,99999,43.21194,-90.18139,0.9931
KLNS,586,PA,29540,40.12028,-76.29444,1
KLOL,491,NV,99999,40.0681,-118.5692,1
KLOU,270,KY,31140,38.22806,-85.66361,0.9972
KLOZ,274,KY,99999,37.08722,-84.07694,1
KLPR,523,OH,17460,41.34611,-82.17944,1
KLSE,767,WI,29100,43.8788,-91.2527,1
KLUK,529,OH,17140,39.10333,-84.41889,0.9986
KLVJ,691,TX,26420,29.51889,-95.24167,0.9986
KLVK,60,CA,36084,37.6927,-121.8144,0.9986
KLVM,391,MT,99999,45.6983,-110.4408,1
KLVS,475,NM,99999,35.65417,-105.14194,1
KLWC,250,KS,29940,39.00833,-95.21167,1
KLWD,202,IA,99999,40.63306,-93.90194,1
KLWM,311,MA,37764,42.71722,-71.12389,0.9959
KLWS,218,ID,30300,46.3747,-117.0156,1
KLWT,399,MT,99999,47.0492,-109.4578,1
KLWV,220,IL,99999,38.76417,-87.60556,1
KLXT,376,MO,28140,38.95972,-94.37139,1
KLYH,714,VA,31340,37.3208,-79.2067,0.9931
KMAE,61,CA,31460,36.98778,-120.11056,0.9903
KMAF,653,TX,33260,31.9431,-102.1906,0.9903
KMAI,165,FL,99999,30.83556,-85.18389,0.9971
KMBG,616,SD,99999,45.54639,-100.40778,0.9972
KMBS,347,MI,40980,43.53306,-84.07972,0.9986
KMCB,385,MS,99999,31.1827,-90.4708,0.9972
KMCE,62,CA,32900,37.28472,-120.51278,0.9903
KMCI,378,MO,28140,39.2972,-94.7306,1
KMCK,438,NE,99999,40.20639,-100.59139,0.9986
KMCN,186,GA,31420,32.6847,-83.6527,0.9986
KMCO,148,FL,36740,28.4339,-81.325,1
KMCW,199,IA,99999,43.1544,-93.3269,1
KMDH,228,IL,99999,37.77972,-89.24972,1
KMDT,587,PA,25420,40.19361,-76.76333,1
KMDW,224,IL,16974,41.78611,-87.75222,1
KMEB,421,NC,99999,34.79167,-79.36611,0.9958
KMEH,558,OR,99999,45.51139,-118.42472,1
KMEI,383,MS,99999,32.3347,-88.7442,1
KMEM,629,TN,32820,35.0564,-89.9865,1
KMFD,518,OH,31900,40.82028,-82.51778,1
KMFE,675,TX,32580,26.18389,-98.25389,0.9972
KMFI,753,WI,99999,44.63806,-90.1875,0.9986
KMFR,567,OR,32780,42.3811,-122.8722,1
KMGJ,499,NY,39100,41.50917,-74.265,1
KMGM,15,AL,33860,32.29972,-86.4075,0.9931
KMGW,772,WV,34060,39.64278,-79.91639,0.9986
KMHE,624,SD,99999,43.76667,-98.03333,0.9986
KMHK,253,KS,31740,39.13528,-96.67778,1
KMHT,453,NH,31700,42.93333,-71.43833,1
KMIA,149,FL,33124,25.7905,-80.3163,1
KMIC,360,MN,33460,45.06194,-93.35083,1
KMIE,238,IN,34620,40.23417,-85.39361,0.9945
KMIV,459,NJ,47220,39.3667,-75.0667,0.9627
KMIW,195,IA,99999,42.11278,-92.9175,0.9972
KMKC,377,MO,28140,39.1208,-94.5969,0.9986
KMKE,761,WI,33340,42.955,-87.9044,1
KMKG,346,MI,34740,43.17111,-86.23667,1
KMKL,630,TN,27180,35.593,-88.9167,0.9957
KMKO,540,OK,99999,35.65667,-95.36139,0.9986
KMLB,150,FL,37340,28.1011,-80.6439,1
KMLC,551,OK,99999,34.8822,-95.783,1
KMLF,707,UT,99999,38.41667,-113.01667,0.9958
KMLI,233,IL,19340,41.46528,-90.52333,1
KMLP,219,ID,99999,47.45694,-115.645,0.9959
KMLS,396,MT,99999,46.4266,-105.8825,0.9847
KMLT,318,ME,12620,45.6477,-68.6925,1
KMLU,283,LA,33740,32.51556,-92.04056,0.9972
KMMK,133,CT,35300,41.50972,-72.82778,0.9917
KMMV,559,OR,38900,45.19472,-123.13389,1
KMNN,516,OH,99999,40.61611,-83.06361,0.9972
KMOB,19,AL,33660,30.68833,-88.24556,1
KMOD,63,CA,33700,37.6241,-120.9505,0.9945
KMOT,431,ND,99999,48.2552,-101.2733,1
KMPO,576,PA,99999,41.13889,-75.37944,0.9945
KMPV,722,VT,99999,44.20333,-72.57944,1
KMQY,633,TN,34980,36.00889,-86.52,0.9984
KMRB,771,WV,25180,39.4019,-77.9844,1
KMRH,422,NC,99999,34.73361,-76.66056,0.9958
KMRY,69,CA,41500,36.58806,-121.84528,1
KMSN,762,WI,31540,43.1405,-89.3452,1
KMSO,398,MT,33540,46.9208,-114.0925,1
KMSP,4,MN,33460,44.8831,-93.2289,1
KMSS,503,NY,99999,44.93583,-74.84583,1
KMSY,288,LA,35380,29.9933,-90.2511,1
KMTJ,125,CO,99999,38.505,-107.8975,0.9986
KMTO,221,IL,99999,39.47806,-88.28028,0.9931
KMTP,509,NY,35004,41.07306,-71.92333,1
KMVL,725,VT,99999,44.53444,-72.61444,0.9876
KMVY,296,MA,99999,41.39306,-70.615,1
KMWH,746,WA,99999,47.20778,-119.31917,0.9931
KMWL,665,TX,23104,32.78167,-98.06028,0.9834
KMWT,31,AR,99999,34.33,-93.35,1
KMYL,216,ID,99999,44.88889,-116.10167,0.9986
KMYV,54,CA,49700,39.10194,-121.56778,0.9986
KN60,428,ND,99999,47.64583,-101.43944,0.9931
KNDZ,166,FL,37860,30.70444,-87.02306,0.971
KNEN,152,FL,27260,30.35028,-81.88306,0.9889
KNEW,290,LA,35380,30.0494,-90.0288,0.9972
KNJK,98,CA,20940,32.81667,-115.68333,0.9986
KNJM,423,NC,99999,34.68333,-77.03333,0.9769
KNKT,410,NC,99999,34.88333,-76.86667,1
KNOG,680,TX,99999,27.9,-98.05,0.9643
KNRS,95,CA,41740,32.56667,-117.11667,0.9944
KNYC,505,NY,35644,40.77889,-73.96917,1
KOAK,64,CA,36084,37.72139,-122.22083,1
KODO,651,TX,36220,31.92056,-102.38667,0.9474
KODX,445,NE,99999,41.62361,-98.95167,0.9972
KOFK,448,NE,99999,41.9855,-97.4352,0.9972
KOFP,717,VA,40060,37.70806,-77.43444,0.9986
KOGB,601,SC,99999,33.46167,-80.85806,0.9972
KOJC,248,KS,28140,38.85,-94.73917,1
KOKB,102,CA,41740,33.21944,-117.34944,0.9986
KOKC,538,OK,36420,35.3889,-97.6006,1
KOLM,743,WA,36500,46.9733,-122.9033,0.9848
KOLS,33,AZ,99999,31.42083,-110.84583,0.9972
KOMA,204,IA,36540,41.31028,-95.89917,1
KONO,572,OR,99999,44.02056,-117.01278,1
KONT,83,CA,40140,34.05611,-117.60028,1
KOPF,153,FL,33124,25.90694,-80.28028,0.9945
KOQT,634,TN,28940,36.0236,-84.2375,1
KORD,7,IL,16974,41.986,-87.914,1
KORE,308,MA,44140,42.57,-72.29111,0.8976
KORF,710,VA,47260,36.90333,-76.19222,0.9945
KORH,304,MA,49340,42.2706,-71.8731,0.9876
KOSH,768,WI,36780,43.98444,-88.55694,1
KOSU,537,OH,18140,40.07806,-83.07806,1
KOTM,203,IA,99999,41.1077,-92.4466,0.9986
KOVE,57,CA,17020,39.49,-121.61833,0.9986
KOVS,763,WI,99999,43.15611,-90.6775,1
KOWD,303,MA,14484,42.19083,-71.17361,1
KOXB,314,MD,99999,38.30833,-75.12389,0.9889
KOXR,84,CA,37100,34.20083,-119.20694,1
KP28,259,KS,99999,37.2839,-98.5528,1
KP58,348,MI,99999,44.02194,-82.79306,0.9709
KP59,333,MI,99999,47.46667,-87.88333,0.9402
KP60,792,WY,99999,44.54444,-110.42111,1
KP68,488,NV,99999,39.6013,-116.0055,0.9959
KP69,217,ID,99999,46.14417,-115.59639,0.9884
KP92,287,LA,99999,29.56222,-91.52556,0.9958
KPAE,734,WA,42644,47.90778,-122.28028,1
KPAH,273,KY,99999,37.0563,-88.7744,0.9986
KPBI,154,FL,48424,26.6847,-80.0994,1
KPDT,560,OR,99999,45.6983,-118.8547,1
KPDX,561,OR,38900,45.59083,-122.60028,1
KPEO,495,NY,99999,42.6425,-77.05639,1
KPGA,40,AZ,22380,36.92611,-111.44778,1
KPGD,172,FL,39460,26.91722,-81.99139,0.9972
KPHD,515,OH,99999,40.47194,-81.42361,0.9986
KPHF,713,VA,47260,37.13194,-76.49306,0.9972
KPHL,583,PA,37964,39.8683,-75.2311,1
KPHP,625,SD,99999,44.05111,-101.60111,0.9958
KPHX,35,AZ,38060,33.4277,-112.0038,1
KPIA,232,IL,37900,40.6675,-89.6839,1
KPIB,382,MS,25620,31.28194,-89.25306,0.934
KPIE,174,FL,45300,27.91056,-82.6875,0.9959
KPIH,212,ID,38540,42.9202,-112.5711,1
KPIR,627,SD,99999,44.3813,-100.2855,0.9986
KPIT,594,PA,38300,40.4846,-80.2144,1
KPKB,770,WV,37620,39.345,-81.43917,0.967
KPKD,350,MN,99999,46.90056,-95.06778,0.9959
KPLN,329,MI,99999,45.5644,-84.7927,0.9986
KPMD,85,CA,31084,34.62944,-118.08361,1
KPMP,155,FL,22744,26.25,-80.10833,0.9386
KPNC,547,OK,99999,36.73667,-97.10194,0.9944
KPNE,585,PA,37964,40.08194,-75.01111,0.9986
KPNS,168,FL,37860,30.47806,-87.18694,0.9986
KPOB,424,NC,22180,35.17389,-79.00889,0.9958
KPOF,370,MO,99999,36.7725,-90.32472,0.9986
KPOU,134,CT,99999,41.6267,-73.4283,1
KPPF,260,KS,99999,37.32778,-95.50417,0.9971
KPRB,86,CA,42020,35.6697,-120.6283,0.9986
KPRC,37,AZ,39140,34.65167,-112.42083,0.9986
KPSP,105,CA,40140,33.8275,-116.5097,1
KPSX,683,TX,99999,28.72472,-96.25361,1
KPTK,341,MI,47644,42.665,-83.41806,1
KPTW,589,PA,37964,40.23833,-75.55722,0.9945
KPUB,124,CO,39380,38.2901,-104.4983,1
KPUC,700,UT,99999,39.60917,-110.75472,0.9986
KPUW,742,WA,99999,46.74389,-117.10861,1
KPVD,599,RI,39300,41.7219,-71.4325,1
KPWA,539,OK,36420,35.53417,-97.64694,0.9554
KPWK,226,IL,16974,42.12083,-87.90472,0.9972
KPWM,321,ME,38860,43.6497,-70.3002,1
KPYM,301,MA,14484,41.90972,-70.72944,0.9959
KRAC,760,WI,39540,42.76111,-87.81361,1
KRAL,107,CA,40140,33.95194,-117.43861,1
KRAP,626,SD,39660,44.04333,-103.05361,1
KRBD,663,TX,19124,32.68083,-96.86806,1
KRBG,570,OR,99999,43.23889,-123.35472,0.9945
KRBL,45,CA,99999,40.1519,-122.2536,1
KRDD,46,CA,39820,40.5175,-122.2986,1
KRDM,574,OR,13460,44.2558,-121.1392,1
KRDU,425,NC,39580,35.8923,-78.7819,1
KREO,568,OR,99999,42.59056,-117.86444,1
KRFD,234,IL,40420,42.1927,-89.093,1
KRHI,756,WI,99999,45.63083,-89.46528,0.9959
KRIC,716,VA,40060,37.505,-77.3202,1
KRIL,113,CO,99999,39.52639,-107.72639,1
KRIV,5,CA,40140,33.881,-117.259,1
KRIW,795,WY,99999,43.06417,-108.45889,1
KRKP,681,TX,18580,28.08361,-97.04639,1
KRKS,793,WY,99999,41.5944,-109.0529,0.9959
KRMG,192,GA,40660,34.34778,-85.16111,0.9986
KRNM,101,CA,41740,33.0375,-116.91583,1
KRNO,490,NV,39900,39.4838,-119.7711,1
KRNT,735,WA,42644,47.49333,-122.21444,1
KROA,715,VA,40220,37.3169,-79.9741,1
KROC,514,NY,40380,43.1167,-77.6767,1
KROW,473,NM,99999,33.3075,-104.5083,0.9972
KRQE,43,AZ,99999,35.6575,-109.06139,0.9917
KRSL,247,KS,99999,38.87611,-98.80917,0.9986
KRST,356,MN,40340,43.9041,-92.4916,1
KRSW,170,FL,15980,26.53611,-81.755,1
KRTN,477,NM,99999,36.74139,-104.50222,0.9556
KRUE,24,AR,99999,35.25778,-93.09472,0.9945
KRVS,542,OK,46140,36.03944,-95.98444,1
KRWF,357,MN,99999,44.54833,-95.08028,1
KRWI,426,NC,40580,35.855,-77.89306,0.9765
KRWL,784,WY,99999,41.80556,-107.19972,1
KRXE,214,ID,99999,43.83389,-111.80444,0.9986
KSAC,52,CA,40900,38.5069,-121.495,1
KSAD,42,AZ,99999,32.85472,-109.63528,0.9972
KSAF,471,NM,42140,35.61694,-106.08889,1
KSAN,97,CA,41740,32.7336,-117.1831,1
KSAT,690,TX,41700,29.5443,-98.4839,1
KSAV,180,GA,42340,32.13,-81.21,1
KSBA,87,CA,42060,34.4258,-119.8425,1
KSBN,241,IN,43780,41.70722,-86.31639,0.9986
KSBP,88,CA,42020,35.23722,-120.64139,0.9986
KSBY,315,MD,41540,38.34056,-75.51028,0.9972
KSCK,65,CA,44700,37.8891,-121.2258,0.9945
KSDB,89,CA,31084,34.7436,-118.7242,0.9873
KSDF,269,KY,31140,38.1811,-85.7391,1
KSEA,736,WA,42644,47.4444,-122.3138,1
KSEG,596,PA,99999,40.82056,-76.86417,1
KSET,373,MO,41180,38.92861,-90.42806,0.9889
KSFB,156,FL,36740,28.77972,-81.24361,0.9972
KSFF,737,WA,44060,47.68306,-117.32139,1
KSFO,66,CA,41884,37.6197,-122.3647,1
KSGF,363,MO,44180,37.2397,-93.3897,1
KSGR,692,TX,26420,29.62222,-95.65639,1
KSHN,747,WA,99999,47.238,-123.1408,0.9945
KSHR,789,WY,99999,44.7694,-106.9688,1
KSHV,282,LA,43340,32.4472,-93.8244,1
KSJT,646,TX,41660,31.35167,-100.495,1
KSLC,703,UT,41620,40.7781,-111.9694,1
KSLE,562,OR,41420,44.905,-123.0011,0.9931
KSLI,104,CA,42044,33.79,-118.05194,1
KSLK,501,NY,99999,44.38528,-74.20667,0.9917
KSMO,90,CA,31084,34.01583,-118.45139,0.9945
KSMP,748,WA,99999,47.2767,-121.3372,0.848
KSMQ,463,NJ,20764,40.62389,-74.66944,1
KSMX,91,CA,42060,34.8994,-120.4486,0.9959
KSNS,70,CA,41500,36.6636,-121.6081,0.9986
KSNT,210,ID,99999,44.17083,-114.92722,1
KSNY,443,NE,99999,41.10139,-102.98472,0.9544
KSPB,563,OR,38900,45.77278,-122.86111,1
KSPD,119,CO,99999,37.28333,-102.61389,1
KSPI,230,IL,44100,39.8447,-89.6839,1
KSPS,673,TX,48660,33.9786,-98.4928,1
KSPW,200,IA,99999,43.16444,-95.20167,1
KSRQ,173,FL,35840,27.40139,-82.55861,0.9986
KSSF,687,TX,41700,29.3389,-98.472,0.9986
KSSI,178,GA,15260,31.1522,-81.3908,0.9944
KSTC,361,MN,33460,45.5433,-94.0513,0.9972
KSTJ,379,MO,41140,39.7736,-94.9233,1
KSTP,359,MN,33460,44.93194,-93.05556,0.9958
KSUS,372,MO,41180,38.65722,-90.65583,0.9942
KSUX,196,IA,43580,42.3913,-96.3791,0.9959
KSWO,543,OK,99999,36.1624,-97.0894,1
KSXT,569,OR,99999,42.6003,-123.3641,1
KSYR,496,NY,45060,43.1111,-76.1038,1
KTAN,300,MA,39300,41.87556,-71.02111,0.9945
KTCC,474,NM,99999,35.18222,-103.60306,0.9958
KTCL,20,AL,46220,33.2119,-87.6161,1
KTCS,479,NM,99999,33.23667,-107.26806,1
KTDZ,526,OH,45780,41.56306,-83.47639,1
KTEB,465,NJ,35644,40.85,-74.06139,1
KTHV,584,PA,49620,39.91806,-76.87417,1
KTIW,749,WA,45104,47.2675,-122.57611,0.9959
KTKI,670,TX,19124,33.1902,-96.5913,1
KTLH,169,FL,45220,30.39306,-84.35333,1
KTMB,157,FL,33124,25.6475,-80.43306,0.9959
KTOI,13,AL,99999,31.86056,-86.01222,0.9986
KTOL,527,OH,45780,41.58861,-83.80139,1
KTOP,252,KS,45820,39.0725,-95.6261,0.9959
KTOR,781,WY,99999,42.06472,-104.15278,0.9875
KTPA,175,FL,45300,27.9619,-82.5403,1
KTQE,446,NE,99999,41.76361,-96.17778,0.9986
KTRI,636,TN,28700,36.4731,-82.4044,1
KTRL,664,TX,19124,32.71,-96.26722,1
KTTD,564,OR,38900,45.55111,-122.40889,1
KTTN,462,NJ,45940,40.27694,-74.81583,0.9959
KTUL,544,OK,46140,36.1994,-95.8872,1
KTUP,384,MS,99999,34.2622,-88.7713,1
KTUS,34,AZ,46060,32.1313,-110.9552,1
KTVC,326,MI,99999,44.74083,-85.5825,1
KTVL,53,CA,40900,38.8983,-119.9947,0.9958
KTVR,281,LA,99999,32.35,-91.02778,1
KTXK,29,AR,45500,33.4536,-94.0074,1
KTYR,659,TX,46340,32.35417,-95.4025,0.9972
KTYS,631,TN,28940,35.8181,-83.9858,1
KUAO,565,OR,41420,45.24861,-122.76861,1
KUGN,227,IL,29404,42.41667,-87.86667,1
KUIL,738,WA,99999,47.9375,-124.555,0.9986
KUIN,231,IL,99999,39.93694,-91.19194,0.9972
KUKI,55,CA,99999,39.12583,-123.20083,0.9986
KUNO,362,MO,99999,36.87806,-91.9025,0.9944
KUUU,598,RI,39300,41.53333,-71.28333,1
KUZA,611,SC,16740,34.98694,-81.0575,0.9972
KVAY,461,NJ,15804,39.94917,-74.84167,1
KVCB,51,CA,46700,38.3775,-121.9575,1
KVCT,684,TX,47020,28.8614,-96.9303,0.9986
KVEL,702,UT,99999,40.42694,-109.55306,1
KVGT,486,NV,29820,36.21167,-115.19583,0.9959
KVIH,364,MO,99999,38.13333,-91.76667,0.9959
KVLD,183,GA,46660,30.7825,-83.27667,0.9986
KVNY,92,CA,31084,34.20972,-118.48917,1
KVPC,191,GA,12060,34.12306,-84.84861,1
KVPZ,245,IN,23844,41.4525,-87.00583,0.9889
KVRB,158,FL,42680,27.653,-80.2427,0.9913
KVSF,721,VT,99999,43.34361,-72.51778,1
KVTA,536,OH,18140,40.02278,-82.4625,0.9986
KVTN,451,NE,99999,42.8783,-100.55,1
KVUO,739,WA,38900,45.62083,-122.65722,1
KWAL,718,VA,99999,37.94056,-75.46306,1
KWJF,93,CA,31084,34.7411,-118.2116,0.9945
KWLD,258,KS,99999,37.16806,-97.03694,0.9986
KWMC,492,NV,99999,40.9017,-117.808,0.9848
KWRL,786,WY,99999,43.96583,-107.95083,1
KWST,597,RI,39300,41.34972,-71.79889,1
KWVI,67,CA,42100,36.93583,-121.78861,1
KYIP,337,MI,19804,42.23333,-83.53333,0.9917
KYKM,741,WA,49420,46.5683,-120.5428,0.9972
KYNG,522,OH,49660,41.25444,-80.67389,1
KZZV,534,OH,99999,39.94444,-81.89222,0.9986
PNLM6,381,MS,37700,30.46361,-88.53194,0